"periodo_us","vwc_linear_especifica_m3_m3","vwc_quadratica_especifica_m3_m3","vwc_fabrica_campbell_m3_m3"
16.07,0.0519036772205785,0.000363765092390445,0.01323043
16.0981128924516,0.0524719200127478,0.00174710966177105,0.0136863558662359
16.1262257849031,0.0530401628049171,0.00312723815468241,0.0141433882010827
16.1543386773547,0.0536084055970863,0.00450415057112497,0.0146015270045401
16.1824515698063,0.0541766483892556,0.00587784691109861,0.0150607722766084
16.2105644622578,0.0547448911814248,0.00724832717460333,0.0155211240172875
16.2386773547094,0.0553131339735942,0.00861559136163903,0.0159825822265774
16.266790247161,0.0558813767657634,0.00997963947220626,0.0164451469044781
16.2949031396126,0.0564496195579327,0.011340471506304,0.0169088180509895
16.3230160320641,0.057017862350102,0.0126980874639331,0.0173735956661118
16.3511289245157,0.0575861051422712,0.0140524873450936,0.0178394797498448
16.3792418169673,0.0581543479344405,0.0154036711497848,0.0183064703021887
16.4073547094188,0.0587225907266097,0.0167516388780072,0.0187745673231433
16.4354676018704,0.0592908335187791,0.0180963905297606,0.0192437708127087
16.463580494322,0.0598590763109483,0.0194379261050451,0.0197140807708849
16.4916933867735,0.0604273191031177,0.0207762456038608,0.0201854971976719
16.5198062792251,0.0609955618952869,0.0221113490262079,0.0206580200930697
16.5479191716767,0.0615638046874561,0.0234432363720855,0.0211316494570782
16.5760320641283,0.0621320474796254,0.0247719076414945,0.0216063852896976
16.6041449565798,0.0627002902717947,0.0260973628344346,0.0220822275909278
16.6322578490314,0.063268533063964,0.0274196019509058,0.0225591763607688
16.660370741483,0.0638367758561333,0.0287386249909081,0.0230372315992205
16.6884836339345,0.0644050186483026,0.0300544319544415,0.023516393306283
16.7165965263861,0.0649732614404718,0.0313670228415058,0.0239966614819563
16.7447094188377,0.0655415042326411,0.0326763976521014,0.0244780361262405
16.7728223112892,0.0661097470248104,0.0339825563862283,0.0249605172391354
16.8009352037408,0.0666779898169796,0.0352854990438857,0.0254441048206411
16.8290480961924,0.0672462326091489,0.0365852256250748,0.0259287988707576
16.857160988644,0.0678144754013182,0.0378817361297946,0.0264145993894848
16.8852738810955,0.0683827181934875,0.0391750305580456,0.0269015063768229
16.9133867735471,0.0689509609856568,0.0404651089098278,0.0273895198327718
16.9414996659987,0.069519203777826,0.041751971185141,0.0278786397573314
16.9696125584502,0.0700874465699953,0.0430356173839852,0.0283688661505019
16.9977254509018,0.0706556893621646,0.0443160475063606,0.0288601990122831
17.0258383433534,0.0712239321543339,0.0455932615522673,0.0293526383426751
17.0539512358049,0.0717921749465032,0.0468672595217049,0.0298461841416779
17.0820641282565,0.0723604177386724,0.0481380414146736,0.0303408364092915
17.1101770207081,0.0729286605308417,0.0494056072311734,0.0308365951455159
17.1382899131597,0.073496903323011,0.0506699569712042,0.0313334603503511
17.1664028056112,0.0740651461151803,0.0519310906347662,0.0318314320237971
17.1945156980628,0.0746333889073496,0.0531890082218595,0.0323305101658539
17.2226285905144,0.0752016316995188,0.0544437097324835,0.0328306947765214
17.2507414829659,0.0757698744916881,0.0556951951666386,0.0333319858557998
17.2788543754175,0.0763381172838574,0.0569434645243253,0.0338343834036889
17.3069672678691,0.0769063600760266,0.0581885178055427,0.0343378874201889
17.3350801603206,0.0774746028681959,0.0594303550102911,0.0348424979052996
17.3631930527722,0.0780428456603652,0.0606689761385708,0.0353482148590211
17.3913059452238,0.0786110884525344,0.0619043811903816,0.0358550382813534
17.4194188376754,0.0791793312447038,0.0631365701657234,0.0363629681722965
17.4475317301269,0.079747574036873,0.0643655430645965,0.0368720045318504
17.4756446225785,0.0803158168290423,0.0655912998870004,0.037382147360015
17.5037575150301,0.0808840596212115,0.0668138406329354,0.0378933966567905
17.5318704074816,0.0814523024133809,0.0680331653024017,0.0384057524221768
17.5599832999332,0.0820205452055501,0.0692492738953994,0.0389192146561739
17.5880961923848,0.0825887879977193,0.0704621664119276,0.0394337833587816
17.6162090848363,0.0831570307898887,0.0716718428519871,0.0399494585300003
17.6443219772879,0.0837252735820579,0.0728783032155776,0.0404662401698298
17.6724348697395,0.0842935163742272,0.0740815475026994,0.04098412827827
17.7005477621911,0.0848617591663965,0.0752815757133521,0.041503122855321
17.7286606546426,0.0854300019585658,0.0764783878475362,0.0420232239009827
17.7567735470942,0.085998244750735,0.0776719839052512,0.0425444314152554
17.7848864395458,0.0865664875429044,0.0788623638864973,0.0430667453981387
17.8129993319973,0.0871347303350736,0.0800495277912745,0.0435901658496329
17.8411122244489,0.0877029731272429,0.0812334756195826,0.0441146927697379
17.8692251169005,0.0882712159194121,0.0824142073714218,0.0446403261584536
17.897338009352,0.0888394587115814,0.0835917230467927,0.0451670660157802
17.9254509018036,0.0894077015037507,0.0847660226456942,0.0456949123417175
17.9535637942552,0.08997594429592,0.0859371061681269,0.0462238651362656
17.9816766867067,0.0905441870880893,0.0871049736140905,0.0467539243994246
18.0097895791583,0.0911124298802585,0.0882696249835853,0.0472850901311942
18.0379024716099,0.0916806726724278,0.0894310602766112,0.0478173623315747
18.0660153640615,0.0922489154645971,0.0905892794931685,0.048350741000566
18.094128256513,0.0928171582567664,0.0917442826332567,0.0488852261381681
18.1222411489646,0.0933854010489357,0.0928960696968759,0.0494208177443811
18.1503540414162,0.0939536438411049,0.0940446406840261,0.0499575158192046
18.1784669338677,0.0945218866332742,0.0951899955947074,0.0504953203626391
18.2065798263193,0.0950901294254435,0.09633213442892,0.0510342313746844
18.2346927187709,0.0956583722176128,0.097471057186664,0.0515742488553404
18.2628056112224,0.096226615009782,0.0986067638679384,0.0521153728046072
18.290918503674,0.0967948578019513,0.0997392544727442,0.0526576032224848
18.3190313961256,0.0973631005941206,0.100868529001081,0.0532009401089732
18.3471442885772,0.0979313433862899,0.101994587452949,0.0537453834640725
18.3752571810287,0.0984995861784591,0.103117429828348,0.0542909332877824
18.4033700734803,0.0990678289706284,0.104237056127279,0.0548375895801032
18.4314829659319,0.0996360717627977,0.10535346634974,0.0553853523410348
18.4595958583834,0.100204314554967,0.106466660495732,0.0559342215705771
18.487708750835,0.100772557347136,0.107576638565256,0.0564841972687303
18.5158216432866,0.101340800139305,0.10868340055831,0.0570352794354942
18.5439345357381,0.101909042931475,0.109786946474896,0.057587468070869
18.5720474281897,0.102477285723644,0.110887276315013,0.0581407631748545
18.6001603206413,0.103045528515813,0.111984390078661,0.0586951647474508
18.6282732130929,0.103613771307983,0.11307828776584,0.0592506727886579
18.6563861055444,0.104182014100152,0.11416896937655,0.0598072872984758
18.684498997996,0.104750256892321,0.115256434910791,0.0603650082769045
18.7126118904476,0.10531849968449,0.116340684368563,0.060923835723944
18.7407247828991,0.10588674247666,0.117421717749867,0.0614837696395943
18.7688376753507,0.106454985268829,0.118499535054701,0.0620448100238553
18.7969505678023,0.107023228060998,0.119574136283066,0.0626069568767272
18.8250634602538,0.107591470853168,0.120645521434963,0.0631702101982098
18.8531763527054,0.108159713645337,0.12171369051039,0.0637345699883033
18.881289245157,0.108727956437506,0.122778643509349,0.0643000362470075
18.9094021376086,0.109296199229675,0.12384038043184,0.0648666089743225
18.9375150300601,0.109864442021845,0.124898901277861,0.0654342881702483
18.9656279225117,0.110432684814014,0.125954206047413,0.0660030738347849
18.9937408149633,0.111000927606183,0.127006294740496,0.0665729659679323
19.0218537074148,0.111569170398353,0.12805516735711,0.0671439645696905
19.0499665998664,0.112137413190522,0.129100823897255,0.0677160696400594
19.078079492318,0.112705655982691,0.130143264360932,0.0682892811790392
19.1061923847695,0.11327389877486,0.13118248874814,0.0688635991866297
19.1343052772211,0.11384214156703,0.132218497058878,0.0694390236628311
19.1624181696727,0.114410384359199,0.133251289293148,0.0700155546076433
19.1905310621242,0.114978627151368,0.134280865450949,0.0705931920210661
19.2186439545758,0.115546869943537,0.135307225532281,0.0711719359030999
19.2467568470274,0.116115112735707,0.136330369537144,0.0717517862537444
19.274869739479,0.116683355527876,0.137350297465538,0.0723327430729997
19.3029826319305,0.117251598320045,0.138367009317463,0.0729148063608658
19.3310955243821,0.117819841112214,0.13938050509292,0.0734979761173427
19.3592084168337,0.118388083904384,0.140390784791907,0.0740822523424304
19.3873213092852,0.118956326696553,0.141397848414425,0.0746676350361288
19.4154342017368,0.119524569488722,0.142401695960476,0.0752541241984381
19.4435470941884,0.120092812280892,0.143402327430056,0.0758417198293581
19.4716599866399,0.120661055073061,0.144399742823168,0.0764304219288889
19.4997728790915,0.12122929786523,0.145393942139811,0.0770202304970306
19.5278857715431,0.1217975406574,0.146384925379985,0.077611145533783
19.5559986639947,0.122365783449569,0.14737269254369,0.0782031670391462
19.5841115564462,0.122934026241738,0.148357243630926,0.0787962950131202
19.6122244488978,0.123502269033907,0.149338578641694,0.079390529455705
19.6403373413494,0.124070511826077,0.150316697575992,0.0799858703669006
19.6684502338009,0.124638754618246,0.151291600433822,0.0805823177467069
19.6965631262525,0.125206997410415,0.152263287215182,0.0811798715951242
19.7246760187041,0.125775240202584,0.153231757920074,0.081778531912152
19.7527889111556,0.126343482994754,0.154197012548497,0.0823782986977908
19.7809018036072,0.126911725786923,0.155159051100451,0.0829791719520404
19.8090146960588,0.127479968579092,0.156117873575936,0.0835811516749007
19.8371275885104,0.128048211371262,0.157073479974952,0.0841842378663719
19.8652404809619,0.128616454163431,0.158025870297499,0.0847884305264537
19.8933533734135,0.1291846969556,0.158975044543577,0.0853937296551464
19.9214662658651,0.129752939747769,0.159921002713187,0.0860001352524499
19.9495791583166,0.130321182539939,0.160863744806327,0.0866076473183642
19.9776920507682,0.130889425332108,0.161803270822998,0.0872162658528892
20.0058049432198,0.131457668124277,0.162739580763201,0.0878259908560251
20.0339178356713,0.132025910916446,0.163672674626935,0.0884368223277718
20.0620307281229,0.132594153708616,0.164602552414199,0.0890487602681292
20.0901436205745,0.133162396500785,0.165529214124996,0.0896618046770974
20.1182565130261,0.133730639292954,0.166452659759323,0.0902759555546765
20.1463694054776,0.134298882085124,0.167372889317181,0.0908912129008663
20.1744822979292,0.134867124877293,0.16828990279857,0.0915075767156669
20.2025951903808,0.135435367669462,0.16920370020349,0.0921250469990784
20.2307080828323,0.136003610461631,0.170114281531942,0.0927436237511004
20.2588209752839,0.136571853253801,0.171021646783924,0.0933633069717335
20.2869338677355,0.13714009604597,0.171925795959438,0.0939840966609772
20.315046760187,0.137708338838139,0.172826729058483,0.0946059928188318
20.3431596526386,0.138276581630309,0.173724446081058,0.0952289954452972
20.3712725450902,0.138844824422478,0.174618947027165,0.0958531045403733
20.3993854375417,0.139413067214647,0.175510231896803,0.0964783201040603
20.4274983299933,0.139981310006816,0.176398300689972,0.097104642136358
20.4556112224449,0.140549552798986,0.177283153406673,0.0977320706372665
20.4837241148965,0.141117795591155,0.178164790046904,0.0983606056067859
20.511837007348,0.141686038383324,0.179043210610666,0.0989902470449159
20.5399498997996,0.142254281175493,0.179918415097959,0.0996209949516568
20.5680627922512,0.142822523967663,0.180790403508784,0.100252849327008
20.5961756847027,0.143390766759832,0.18165917584314,0.100885810170971
20.6242885771543,0.143959009552001,0.182524732101027,0.101519877483544
20.6524014696059,0.144527252344171,0.183387072282444,0.102155051264728
20.6805143620574,0.14509549513634,0.184246196387393,0.102791331514523
20.708627254509,0.145663737928509,0.185102104415873,0.103428718232929
20.7367401469606,0.146231980720678,0.185954796367884,0.104067211419945
20.7648530394122,0.146800223512848,0.186804272243427,0.104706811075572
20.7929659318637,0.147368466305017,0.1876505320425,0.10534751719981
20.8210788243153,0.147936709097186,0.188493575765105,0.105989329792659
20.8491917167669,0.148504951889355,0.18933340341124,0.106632248854119
20.8773046092184,0.149073194681525,0.190170014980907,0.107276274384189
20.90541750167,0.149641437473694,0.191003410474104,0.10792140638287
20.9335303941216,0.150209680265863,0.191833589890833,0.108567644850162
20.9616432865731,0.150777923058033,0.192660553231093,0.109214989786065
20.9897561790247,0.151346165850202,0.193484300494884,0.109863441190579
21.0178690714763,0.151914408642371,0.194304831682206,0.110512999063703
21.0459819639279,0.15248265143454,0.195122146793059,0.111163663405438
21.0740948563794,0.15305089422671,0.195936245827444,0.111815434215784
21.102207748831,0.153619137018879,0.196747128785359,0.112468311494741
21.1303206412826,0.154187379811048,0.197554795666806,0.113122295242308
21.1584335337341,0.154755622603217,0.198359246471783,0.113777385458487
21.1865464261857,0.155323865395387,0.199160481200292,0.114433582143276
21.2146593186373,0.155892108187556,0.199958499852331,0.115090885296676
21.2427722110888,0.156460350979725,0.200753302427902,0.115749294918686
21.2708851035404,0.157028593771895,0.201544888927005,0.116408811009308
21.298997995992,0.157596836564064,0.202333259349638,0.11706943356854
21.3271108884436,0.158165079356233,0.203118413695802,0.117731162596383
21.3552237808951,0.158733322148402,0.203900351965497,0.118393998092837
21.3833366733467,0.159301564940572,0.204679074158723,0.119057940057901
21.4114495657983,0.159869807732741,0.205454580275481,0.119722988491577
21.4395624582498,0.16043805052491,0.206226870315769,0.120389143393863
21.4676753507014,0.16100629331708,0.206995944279589,0.12105640476476
21.495788243153,0.161574536109249,0.20776180216694,0.121724772604268
21.5239011356045,0.162142778901418,0.208524443977821,0.122394246912386
21.5520140280561,0.162711021693587,0.209283869712234,0.123064827689116
21.5801269205077,0.163279264485757,0.210040079370178,0.123736514934456
21.6082398129593,0.163847507277926,0.210793072951654,0.124409308648407
21.6363527054108,0.164415750070095,0.21154285045666,0.125083208830969
21.6644655978624,0.164983992862265,0.212289411885197,0.125758215482141
21.692578490314,0.165552235654434,0.213032757237265,0.126434328601924
21.7206913827655,0.166120478446603,0.213772886512865,0.127111548190318
21.7488042752171,0.166688721238772,0.214509799711995,0.127789874247323
21.7769171676687,0.167256964030942,0.215243496834657,0.128469306772939
21.8050300601202,0.167825206823111,0.21597397788085,0.129149845767166
21.8331429525718,0.16839344961528,0.216701242850574,0.129831491230003
21.8612558450234,0.168961692407449,0.217425291743829,0.130514243161451
21.8893687374749,0.169529935199619,0.218146124560615,0.13119810156151
21.9174816299265,0.170098177991788,0.218863741300932,0.131883066430179
21.9455945223781,0.170666420783957,0.21957814196478,0.13256913776746
21.9737074148297,0.171234663576126,0.22028932655216,0.133256315573351
22.0018203072812,0.171802906368296,0.22099729506307,0.133944599847853
22.0299331997328,0.172371149160465,0.221702047497512,0.134633990590966
22.0580460921844,0.172939391952634,0.222403583855484,0.13532448780269
22.0861589846359,0.173507634744804,0.223101904136988,0.136016091483024
22.1142718770875,0.174075877536973,0.223797008342023,0.136708801631969
22.1423847695391,0.174644120329142,0.224488896470589,0.137402618249525
22.1704976619906,0.175212363121311,0.225177568522686,0.138097541335692
22.1986105544422,0.175780605913481,0.225863024498314,0.138793570890469
22.2267234468938,0.17634884870565,0.226545264397473,0.139490706913858
22.2548363393454,0.176917091497819,0.227224288220163,0.140188949405857
22.2829492317969,0.177485334289989,0.227900095966385,0.140888298366467
22.3110621242485,0.178053577082158,0.228572687636138,0.141588753795688
22.3391750167001,0.178621819874327,0.229242063229421,0.142290315693519
22.3672879091516,0.179190062666496,0.229908222746235,0.142992984059961
22.3954008016032,0.179758305458666,0.230571166186581,0.143696758895014
22.4235136940548,0.180326548250835,0.231230893550458,0.144401640198678
22.4516265865063,0.180894791043004,0.231887404837867,0.145107627970953
22.4797394789579,0.181463033835174,0.232540700048806,0.145814722211839
22.5078523714095,0.182031276627343,0.233190779183275,0.146522922921335
22.5359652638611,0.182599519419512,0.233837642241277,0.147232230099442
22.5640781563126,0.183167762211681,0.234481289222809,0.14794264374616
22.5921910487642,0.183736005003851,0.235121720127873,0.148654163861488
22.6203039412158,0.18430424779602,0.235758934956467,0.149366790445428
22.6484168336673,0.184872490588189,0.236392933708593,0.150080523497978
22.6765297261189,0.185440733380358,0.23702371638425,0.150795363019139
22.7046426185705,0.186008976172528,0.237651282983437,0.151511309008911
22.732755511022,0.186577218964697,0.238275633506156,0.152228361467293
22.7608684034736,0.187145461756866,0.238896767952406,0.152946520394287
22.7889812959252,0.187713704549036,0.239514686322188,0.153665785789891
22.8170941883768,0.188281947341205,0.2401293886155,0.154386157654106
22.8452070808283,0.188850190133374,0.240740874832343,0.155107635986932
22.8733199732799,0.189418432925543,0.241349144972717,0.155830220788368
22.9014328657315,0.189986675717713,0.241954199036623,0.156553912058415
22.929545758183,0.190554918509882,0.242556037024059,0.157278709797074
22.9576586506346,0.191123161302051,0.243154658935027,0.158004614004343
22.9857715430862,0.19169140409422,0.243750064769526,0.158731624680222
23.0138844355377,0.19225964688639,0.244342254527556,0.159459741824713
23.0419973279893,0.192827889678559,0.244931228209117,0.160188965437814
23.0701102204409,0.193396132470728,0.245516985814209,0.160919295519526
23.0982231128925,0.193964375262898,0.246099527342832,0.161650732069849
23.126336005344,0.194532618055067,0.246678852794987,0.162383275088783
23.1544488977956,0.195100860847236,0.247254962170672,0.163116924576327
23.1825617902472,0.195669103639405,0.247827855469888,0.163851680532482
23.2106746826987,0.196237346431575,0.248397532692636,0.164587542957248
23.2387875751503,0.196805589223744,0.248963993838914,0.165324511850625
23.2669004676019,0.197373832015913,0.249527238908724,0.166062587212613
23.2950133600534,0.197942074808083,0.250087267902065,0.166801769043211
23.323126252505,0.198510317600252,0.250644080818937,0.16754205734242
23.3512391449566,0.199078560392421,0.25119767765934,0.16828345211024
23.3793520374082,0.19964680318459,0.251748058423274,0.169025953346671
23.4074649298597,0.20021504597676,0.252295223110739,0.169769561051713
23.4355778223113,0.200783288768929,0.252839171721736,0.170514275225365
23.4636907147629,0.201351531561098,0.253379904256263,0.171260095867628
23.4918036072144,0.201919774353267,0.253917420714322,0.172007022978502
23.519916499666,0.202488017145437,0.254451721095911,0.172755056557987
23.5480293921176,0.203056259937606,0.254982805401032,0.173504196606082
23.5761422845691,0.203624502729775,0.255510673629684,0.174254443122789
23.6042551770207,0.204192745521945,0.256035325781867,0.175005796108106
23.6323680694723,0.204760988314114,0.256556761857581,0.175758255562034
23.6604809619238,0.205329231106283,0.257074981856826,0.176511821484572
23.6885938543754,0.205897473898452,0.257589985779602,0.177266493875722
23.716706746827,0.206465716690622,0.258101773625909,0.178022272735482
23.7448196392786,0.207033959482791,0.258610345395748,0.178779158063853
23.7729325317301,0.20760220227496,0.259115701089117,0.179537149860835
23.8010454241817,0.208170445067129,0.259617840706018,0.180296248126428
23.8291583166333,0.208738687859299,0.260116764246449,0.181056452860631
23.8572712090848,0.209306930651468,0.260612471710412,0.181817764063445
23.8853841015364,0.209875173443637,0.261104963097906,0.18258018173487
23.913496993988,0.210443416235807,0.261594238408931,0.183343705874906
23.9416098864395,0.211011659027976,0.262080297643487,0.184108336483553
23.9697227788911,0.211579901820145,0.262563140801575,0.18487407356081
23.9978356713427,0.212148144612314,0.263042767883193,0.185640917106678
24.0259485637943,0.212716387404484,0.263519178888342,0.186408867121157
24.0540614562458,0.213284630196653,0.263992373817022,0.187177923604247
24.0821743486974,0.213852872988822,0.264462352669234,0.187948086555947
24.110287241149,0.214421115780991,0.264929115444976,0.188719355976259
24.1384001336005,0.214989358573161,0.26539266214425,0.189491731865181
24.1665130260521,0.21555760136533,0.265852992767055,0.190265214222714
24.1946259185037,0.216125844157499,0.266310107313391,0.191039803048858
24.2227388109552,0.216694086949669,0.266764005783258,0.191815498343612
24.2508517034068,0.217262329741838,0.267214688176656,0.192592300106978
24.2789645958584,0.217830572534007,0.267662154493585,0.193370208338954
24.30707748831,0.218398815326176,0.268106404734046,0.19414922303954
24.3351903807615,0.218967058118346,0.268547438898037,0.194929344208738
24.3633032732131,0.219535300910515,0.268985256985559,0.195710571846547
24.3914161656647,0.220103543702684,0.269419858996613,0.196492905952966
24.4195290581162,0.220671786494854,0.269851244931198,0.197276346527996
24.4476419505678,0.221240029287023,0.270279414789313,0.198060893571637
24.4757548430194,0.221808272079192,0.27070436857096,0.198846547083888
24.5038677354709,0.222376514871361,0.271126106276138,0.199633307064751
24.5319806279225,0.222944757663531,0.271544627904847,0.200421173514224
24.5600935203741,0.2235130004557,0.271959933457087,0.201210146432308
24.5882064128256,0.224081243247869,0.272372022932859,0.202000225819003
24.6163193052772,0.224649486040039,0.272780896332161,0.202791411674308
24.6444321977288,0.225217728832208,0.273186553654995,0.203583703998225
24.6725450901804,0.225785971624377,0.273588994901359,0.204377102790752
24.7006579826319,0.226354214416546,0.273988220071255,0.20517160805189
24.7287708750835,0.226922457208716,0.274384229164681,0.205967219781639
24.7568837675351,0.227490700000885,0.274777022181639,0.206763937979998
24.7849966599866,0.228058942793054,0.275166599122128,0.207561762646968
24.8131095524382,0.228627185585223,0.275552959986148,0.20836069378255
24.8412224448898,0.229195428377393,0.275936104773699,0.209160731386741
24.8693353373413,0.229763671169562,0.276316033484782,0.209961875459544
24.8974482297929,0.230331913961731,0.276692746119395,0.210764126000958
24.9255611222445,0.230900156753901,0.277066242677539,0.211567483010982
24.9536740146961,0.23146839954607,0.277436523159215,0.212371946489617
24.9817869071476,0.232036642338239,0.277803587564422,0.213177516436863
25.0098997995992,0.232604885130408,0.278167435893159,0.213984192852719
25.0380126920508,0.233173127922578,0.278528068145428,0.214791975737187
25.0661255845023,0.233741370714747,0.278885484321228,0.215600865090265
25.0942384769539,0.234309613506916,0.279239684420558,0.216410860911954
25.1223513694055,0.234877856299085,0.27959066844342,0.217221963202254
25.150464261857,0.235446099091255,0.279938436389814,0.218034171961165
25.1785771543086,0.236014341883424,0.280282988259738,0.218847487188686
25.2066900467602,0.236582584675593,0.280624324053194,0.219661908884818
25.2348029392118,0.237150827467763,0.28096244377018,0.220477437049561
25.2629158316633,0.237719070259932,0.281297347410697,0.221294071682915
25.2910287241149,0.238287313052101,0.281629034974747,0.222111812784879
25.3191416165665,0.23885555584427,0.281957506462326,0.222930660355455
25.347254509018,0.23942379863644,0.282282761873437,0.223750614394641
25.3753674014696,0.239992041428609,0.282604801208079,0.224571674902438
25.4034802939212,0.240560284220778,0.282923624466252,0.225393841878846
25.4315931863727,0.241128527012947,0.283239231647956,0.226217115323864
25.4597060788243,0.241696769805117,0.283551622753191,0.227041495237493
25.4878189712759,0.242265012597286,0.283860797781958,0.227866981619734
25.5159318637275,0.242833255389455,0.284166756734255,0.228693574470584
25.544044756179,0.243401498181625,0.284469499610083,0.229521273790046
25.5721576486306,0.243969740973794,0.284769026409443,0.230350079578119
25.6002705410822,0.244537983765963,0.285065337132334,0.231179991834802
25.6283834335337,0.245106226558132,0.285358431778755,0.232011010560096
25.6564963259853,0.245674469350302,0.285648310348708,0.232843135754001
25.6846092184369,0.246242712142471,0.285934972842192,0.233676367416516
25.7127221108884,0.24681095493464,0.286218419259207,0.234510705547643
25.74083500334,0.24737919772681,0.286498649599753,0.23534615014738
25.7689478957916,0.247947440518979,0.286775663863831,0.236182701215728
25.7970607882432,0.248515683311148,0.287049462051439,0.237020358752687
25.8251736806947,0.249083926103317,0.287320044162579,0.237859122758256
25.8532865731463,0.249652168895487,0.287587410197249,0.238698993232437
25.8813994655979,0.250220411687656,0.287851560155451,0.239539970175228
25.9095123580494,0.250788654479825,0.288112494037184,0.24038205358663
25.937625250501,0.251356897271994,0.288370211842447,0.241225243466643
25.9657381429526,0.251925140064164,0.288624713571243,0.242069539815266
25.9938510354041,0.252493382856333,0.288875999223569,0.242914942632501
26.0219639278557,0.253061625648502,0.289124068799425,0.243761451918346
26.0500768203073,0.253629868440672,0.289368922298814,0.244609067672802
26.0781897127588,0.254198111232841,0.289610559721733,0.245457789895868
26.1063026052104,0.25476635402501,0.289848981068183,0.246307618587546
26.134415497662,0.255334596817179,0.290084186338165,0.247158553747834
26.1625283901136,0.255902839609349,0.290316175531678,0.248010595376733
26.1906412825651,0.256471082401518,0.290544948648721,0.248863743474243
26.2187541750167,0.257039325193687,0.290770505689296,0.249717998040364
26.2468670674683,0.257607567985857,0.290992846653402,0.250573359075095
26.2749799599198,0.258175810778026,0.291211971541039,0.251429826578437
26.3030928523714,0.258744053570195,0.291427880352207,0.25228740055039
26.331205744823,0.259312296362364,0.291640573086906,0.253146080990954
26.3593186372745,0.259880539154534,0.291850049745137,0.254005867900129
26.3874315297261,0.260448781946703,0.292056310326898,0.254866761277914
26.4155444221777,0.261017024738872,0.29225935483219,0.255728761124311
26.4436573146293,0.261585267531041,0.292459183261014,0.256591867439317
26.4717702070808,0.262153510323211,0.292655795613369,0.257456080222935
26.4998830995324,0.26272175311538,0.292849191889255,0.258321399475164
26.527995991984,0.263289995907549,0.293039372088671,0.259187825196003
26.5561088844355,0.263858238699719,0.293226336211619,0.260055357385453
26.5842217768871,0.264426481491888,0.293410084258098,0.260923996043514
26.6123346693387,0.264994724284057,0.293590616228108,0.261793741170186
26.6404475617902,0.265562967076226,0.29376793212165,0.262664592765469
26.6685604542418,0.266131209868396,0.293942031938722,0.263536550829362
26.6966733466934,0.266699452660565,0.294112915679325,0.264409615361866
26.724786239145,0.267267695452734,0.29428058334346,0.265283786362981
26.7528991315965,0.267835938244904,0.294445034931126,0.266159063832706
26.7810120240481,0.268404181037073,0.294606270442322,0.267035447771043
26.8091249164997,0.268972423829242,0.29476428987705,0.26791293817799
26.8372378089512,0.269540666621411,0.294919093235309,0.268791535053548
26.8653507014028,0.270108909413581,0.295070680517099,0.269671238397717
26.8934635938544,0.27067715220575,0.29521905172242,0.270552048210497
26.9215764863059,0.271245394997919,0.295364206851272,0.271433964491887
26.9496893787575,0.271813637790088,0.295506145903655,0.272316987241888
26.9778022712091,0.272381880582258,0.29564486887957,0.273201116460501
27.0059151636607,0.272950123374427,0.295780375779016,0.274086352147723
27.0340280561122,0.273518366166596,0.295912666601992,0.274972694303557
27.0621409485638,0.274086608958766,0.2960417413485,0.275860142928001
27.0902538410154,0.274654851750935,0.296167600018538,0.276748698021057
27.1183667334669,0.275223094543104,0.296290242612108,0.277638359582723
27.1464796259185,0.275791337335273,0.29640966912921,0.278529127612999
27.1745925183701,0.276359580127443,0.296525879569842,0.279421002111887
27.2027054108216,0.276927822919612,0.296638873934004,0.280313983079385
27.2308183032732,0.277496065711781,0.296748652221699,0.281208070515494
27.2589311957248,0.278064308503951,0.296855214432924,0.282103264420214
27.2870440881764,0.27863255129612,0.296958560567681,0.282999564793545
27.3151569806279,0.279200794088289,0.297058690625968,0.283896971635486
27.3432698730795,0.279769036880458,0.297155604607787,0.284795484946039
27.3713827655311,0.280337279672628,0.297249302513136,0.285695104725202
27.3994956579826,0.280905522464797,0.297339784342017,0.286595830972976
27.4276085504342,0.281473765256966,0.297427050094429,0.28749766368936
27.4557214428858,0.282042008049135,0.297511099770372,0.288400602874356
27.4838343353373,0.282610250841305,0.297591933369846,0.289304648527962
27.5119472277889,0.283178493633474,0.297669550892852,0.290209800650179
27.5400601202405,0.283746736425643,0.297743952339388,0.291116059241007
27.568173012692,0.284314979217813,0.297815137709455,0.292023424300446
27.5962859051436,0.284883222009982,0.297883107003054,0.292931895828495
27.6243987975952,0.285451464802151,0.297947860220183,0.293841473825155
27.6525116900468,0.28601970759432,0.298009397360844,0.294752158290426
27.6806245824983,0.28658795038649,0.298067718425036,0.295663949224308
27.7087374749499,0.287156193178659,0.298122823412759,0.296576846626801
27.7368503674015,0.287724435970828,0.298174712324013,0.297490850497904
27.764963259853,0.288292678762998,0.298223385158798,0.298405960837618
27.7930761523046,0.288860921555167,0.298268841917114,0.299322177645943
27.8211890447562,0.289429164347336,0.298311082598961,0.300239500922879
27.8493019372077,0.289997407139505,0.29835010720434,0.301157930668425
27.8774148296593,0.290565649931674,0.298385915733249,0.302077466882583
27.9055277221109,0.291133892723844,0.29841850818569,0.302998109565351
27.9336406145625,0.291702135516013,0.298447884561661,0.30391985871673
27.961753507014,0.292270378308182,0.298474044861164,0.30484271433672
27.9898663994656,0.292838621100352,0.298496989084198,0.30576667642532
28.0179792919172,0.293406863892521,0.298516717230763,0.306691744982531
28.0460921843687,0.29397510668469,0.298533229300859,0.307617920008353
28.0742050768203,0.29454334947686,0.298546525294486,0.308545201502786
28.1023179692719,0.295111592269029,0.298556605211644,0.30947358946583
28.1304308617234,0.295679835061198,0.298563469052333,0.310403083897484
28.158543754175,0.296248077853367,0.298567116816554,0.31133368479775
28.1866566466266,0.296816320645537,0.298567548504305,0.312265392166625
28.2147695390782,0.297384563437706,0.298564764115588,0.313198206004112
28.2428824315297,0.297952806229875,0.298558763650401,0.31413212631021
28.2709953239813,0.298521049022044,0.298549547108746,0.315067153084919
28.2991082164329,0.299089291814214,0.298537114490622,0.316003286328238
28.3272211088844,0.299657534606383,0.298521465796029,0.316940526040168
28.355334001336,0.300225777398552,0.298502601024967,0.317878872220708
28.3834468937876,0.300794020190722,0.298480520177437,0.31881832486986
28.4115597862391,0.301362262982891,0.298455223253437,0.319758883987622
28.4396726786907,0.30193050577506,0.298426710252968,0.320700549573995
28.4677855711423,0.302498748567229,0.29839498117603,0.321643321628979
28.4958984635939,0.303066991359399,0.298360036022624,0.322587200152574
28.5240113560454,0.303635234151568,0.298321874792749,0.32353218514478
28.552124248497,0.304203476943737,0.298280497486404,0.324478276605596
28.5802371409486,0.304771719735906,0.298235904103591,0.325425474535023
28.6083500334001,0.305339962528076,0.298188094644309,0.326373778933061
28.6364629258517,0.305908205320245,0.298137069108558,0.32732318979971
28.6645758183033,0.306476448112414,0.298082827496339,0.328273707134969
28.6926887107548,0.307044690904584,0.29802536980765,0.329225330938839
28.7208016032064,0.307612933696753,0.297964696042492,0.33017806121132
28.748914495658,0.308181176488922,0.297900806200865,0.331131897952412
28.7770273881096,0.308749419281091,0.29783370028277,0.332086841162115
28.8051402805611,0.309317662073261,0.297763378288205,0.333042890840428
28.8332531730127,0.30988590486543,0.297689840217172,0.334000046987353
28.8613660654643,0.310454147657599,0.29761308606967,0.334958309602888
28.8894789579158,0.311022390449768,0.297533115845699,0.335917678687033
28.9175918503674,0.311590633241938,0.297449929545259,0.33687815423979
28.945704742819,0.312158876034107,0.29736352716835,0.337839736261157
28.9738176352705,0.312727118826276,0.297273908714972,0.338802424751136
29.0019305277221,0.313295361618446,0.297181074185126,0.339766219709724
29.0300434201737,0.313863604410615,0.29708502357881,0.340731121136924
29.0581563126253,0.314431847202784,0.296985756896025,0.341697129032735
29.0862692050768,0.315000089994953,0.296883274136772,0.342664243397156
29.1143820975284,0.315568332787123,0.29677757530105,0.343632464230188
29.14249498998,0.316136575579292,0.296668660388858,0.344601791531831
29.1706078824315,0.316704818371461,0.296556529400198,0.345572225302085
29.1987207748831,0.317273061163631,0.296441182335069,0.346543765540949
29.2268336673347,0.3178413039558,0.296322619193471,0.347516412248425
29.2549465597862,0.318409546747969,0.296200839975404,0.348490165424511
29.2830594522378,0.318977789540138,0.296075844680868,0.349465025069208
29.3111723446894,0.319546032332308,0.295947633309864,0.350440991182515
29.3392852371409,0.320114275124477,0.295816205862391,0.351418063764434
29.3673981295925,0.320682517916646,0.295681562338448,0.352396242814963
29.3955110220441,0.321250760708815,0.295543702738037,0.353375528334103
29.4236239144957,0.321819003500985,0.295402627061156,0.354355920321854
29.4517368069472,0.322387246293154,0.295258335307807,0.355337418778215
29.4798496993988,0.322955489085323,0.295110827477989,0.356320023703188
29.5079625918504,0.323523731877493,0.294960103571702,0.357303735096771
29.5360754843019,0.324091974669662,0.294806163588946,0.358288552958965
29.5641883767535,0.324660217461831,0.294649007529721,0.35927447728977
29.5923012692051,0.325228460254,0.294488635394027,0.360261508089185
29.6204141616566,0.32579670304617,0.294325047181865,0.361249645357212
29.6485270541082,0.326364945838339,0.294158242893233,0.362238889093849
29.6766399465598,0.326933188630508,0.293988222528133,0.363229239299097
29.7047528390114,0.327501431422678,0.293814986086564,0.364220695972956
29.7328657314629,0.328069674214847,0.293638533568525,0.365213259115425
29.7609786239145,0.328637917007016,0.293458864974018,0.366206928726506
29.7890915163661,0.329206159799185,0.293275980303042,0.367201704806197
29.8172044088176,0.329774402591355,0.293089879555597,0.368197587354499
29.8453173012692,0.330342645383524,0.292900562731683,0.369194576371411
29.8734301937208,0.330910888175693,0.292708029831301,0.370192671856935
29.9015430861723,0.331479130967862,0.292512280854449,0.371191873811069
29.9296559786239,0.332047373760032,0.292313315801128,0.372192182233814
29.9577688710755,0.332615616552201,0.292111134671339,0.37319359712517
29.9858817635271,0.33318385934437,0.29190573746508,0.374196118485137
30.0139946559786,0.33375210213654,0.291697124182353,0.375199746313714
30.0421075484302,0.334320344928709,0.291485294823157,0.376204480610902
30.0702204408818,0.334888587720878,0.291270249387492,0.377210321376701
30.0983333333333,0.335456830513047,0.291051987875358,0.378217268611111
