"janela_id";"inicio";"fim";"variavel";"n";"intercepto_linear";"inclinacao_linear";"mae_ajuste_linear";"rmse_ajuste_linear"
1;2026-06-18;2026-06-20 23:59:59;"temperatura_bulbo_seco";214;0,233998615159466;0,971090129154632;0,180027737888522;0,290348065303304
1;2026-06-18;2026-06-20 23:59:59;"umidade_relativa";214;19,9600565592529;0,776059232079797;0,729661287246342;1,02438015930429
2;2026-06-21;2026-06-23 23:59:59;"temperatura_bulbo_seco";258;0,310236482353645;0,957461083246683;0,284024203350749;0,422283743721807
2;2026-06-21;2026-06-23 23:59:59;"umidade_relativa";258;23,3467117386693;0,741928627529422;1,16074330986232;2,16157481736768
3;2026-06-24;2026-06-26 23:59:59;"temperatura_bulbo_seco";245;0,0350105372202277;0,97286290845007;0,330857842976819;0,449478033268495
3;2026-06-24;2026-06-26 23:59:59;"umidade_relativa";245;30,239763146407;0,664748670100638;1,54106926695175;2,28321651332416
4;2026-06-27;2026-06-29 23:59:59;"temperatura_bulbo_seco";257;0,565214335293994;0,946104160507544;0,362926507521509;0,577925887557845
4;2026-06-27;2026-06-29 23:59:59;"umidade_relativa";257;25,9609836701506;0,711426249828773;1,60215018274826;2,56265705284217
5;2026-06-30;2026-07-02 23:59:59;"temperatura_bulbo_seco";240;0,186361545081171;0,983412323706407;0,294457674769783;0,374375317095051
5;2026-06-30;2026-07-02 23:59:59;"umidade_relativa";240;16,24484550979;0,814073661215354;1,00580088809196;1,39050396563668
6;2026-07-03;2026-07-05 23:59:59;"temperatura_bulbo_seco";286;0,271188119293388;0,965584432649693;0,212397727580037;0,336209982996337
6;2026-07-03;2026-07-05 23:59:59;"umidade_relativa";286;27,4953329384316;0,694109958006926;0,940396382285181;1,47202997096078
7;2026-07-06;2026-07-08 23:59:59;"temperatura_bulbo_seco";101;-0,102293130069511;0,995583429779458;0,221694766763736;0,385363512061914
7;2026-07-06;2026-07-08 23:59:59;"umidade_relativa";101;20,0910940565057;0,773987388220781;1,21734625286203;2,12419978715113
