"variavel";"unidade";"metodo";"n";"vies";"mae";"rmse";"max_abs";"pearson";"r2"
"temperatura_bulbo_seco";"celsius";"bruto";1601;0,189818863210493;0,292379762648345;0,474910820386759;2,9;0,994813777379969;0,989654451665003
"temperatura_bulbo_seco";"celsius";"ajuste_linear_global";1601;1,92847971235666e-14;0,281004899628841;0,43037765965383;2,65504168574794;0,994813777379969;0,989654451665003
"temperatura_bulbo_seco";"celsius";"ajuste_linear_treino70";1601;-0,0239054276034742;0,287362604025105;0,431526345010608;2,61390080681409;0,994813777379969;0,989654451665002
"umidade_relativa";"pontos_percentuais";"bruto";1601;-0,806558400999375;2,52311055590256;3,46915650349208;17,7;0,972521915607932;0,945798876337721
"umidade_relativa";"pontos_percentuais";"ajuste_linear_global";1601;3,78095136030489e-14;1,27891284586086;2,04104644142282;14,4372346249247;0,972521915607932;0,945798876337722
"umidade_relativa";"pontos_percentuais";"ajuste_linear_treino70";1601;0,102568517862701;1,30146080245187;2,04691745303162;14,2285246214871;0,972521915607932;0,945798876337722
"IBUTG";"celsius";"bruto";1601;0,0765163927066438;0,195315127692317;0,25539784492417;1,53927752566818;0,99819070213635;0,996384677831458
"IBUTG";"celsius";"ajuste_linear_global";1601;0,00309203929706315;0,144311932713202;0,21426683396039;1,45885252625244;0,998615475170904;0,99723286725081
"IBUTG";"celsius";"ajuste_linear_treino70";1601;-0,00709640684751645;0,14901030811155;0,215821168651813;1,47042152020578;0,998573905602407;0,997149844950045
