"janela_horaria";"dia_util";"hipotese_trafego_ufpr";"esperado";"recebido";"perdido";"perda_pct";"cobertura_pct"
"madrugada";FALSE;FALSE;144;141;3;2,08333333333333;97,9166666666667
"manha_uteis";FALSE;FALSE;144;142;2;1,38888888888889;98,6111111111111
"comeco_tarde_uteis";FALSE;FALSE;48;44;4;8,33333333333333;91,6666666666667
"meio_tarde_uteis";FALSE;FALSE;72;62;10;13,8888888888889;86,1111111111111
"fim_tarde";FALSE;FALSE;48;47;1;2,08333333333333;97,9166666666667
"noite";FALSE;FALSE;120;108;12;10;90
"madrugada";TRUE;FALSE;312;293;19;6,08974358974359;93,9102564102564
"manha_uteis";TRUE;TRUE;303;248;55;18,1518151815182;81,8481848184819
"comeco_tarde_uteis";TRUE;TRUE;96;74;22;22,9166666666667;77,0833333333333
"meio_tarde_uteis";TRUE;TRUE;148;94;54;36,4864864864865;63,5135135135135
"fim_tarde";TRUE;FALSE;104;95;9;8,65384615384615;91,3461538461538
"noite";TRUE;FALSE;260;253;7;2,69230769230769;97,3076923076923
