"data";"dia_semana";"dia_util";"esperado";"recebido";"perdido";"perda_pct";"cobertura_pct"
2026-06-18;"quinta-feira";TRUE;32;30;2;6,25;93,75
2026-06-19;"sexta-feira";TRUE;96;90;6;6,25;93,75
2026-06-20;"sábado";FALSE;96;94;2;2,08333333333333;97,9166666666667
2026-06-21;"domingo";FALSE;96;92;4;4,16666666666667;95,8333333333333
2026-06-22;"segunda-feira";TRUE;96;78;18;18,75;81,25
2026-06-23;"terça-feira";TRUE;96;88;8;8,33333333333333;91,6666666666667
2026-06-24;"quarta-feira";TRUE;96;69;27;28,125;71,875
2026-06-25;"quinta-feira";TRUE;96;89;7;7,29166666666667;92,7083333333333
2026-06-26;"sexta-feira";TRUE;96;87;9;9,375;90,625
2026-06-27;"sábado";FALSE;96;93;3;3,125;96,875
2026-06-28;"domingo";FALSE;96;73;23;23,9583333333333;76,0416666666667
2026-06-29;"segunda-feira";TRUE;96;91;5;5,20833333333333;94,7916666666667
2026-06-30;"terça-feira";TRUE;96;85;11;11,4583333333333;88,5416666666667
2026-07-01;"quarta-feira";TRUE;96;73;23;23,9583333333333;76,0416666666667
2026-07-02;"quinta-feira";TRUE;96;82;14;14,5833333333333;85,4166666666667
2026-07-03;"sexta-feira";TRUE;96;94;2;2,08333333333333;97,9166666666667
2026-07-04;"sábado";FALSE;96;96;0;0;100
2026-07-05;"domingo";FALSE;96;96;0;0;100
2026-07-06;"segunda-feira";TRUE;96;75;21;21,875;78,125
2026-07-07;"terça-feira";TRUE;39;26;13;33,3333333333333;66,6666666666667
