"hora";"dia_util";"esperado";"recebido";"perdido";"perda_pct";"cobertura_pct"
0;FALSE;24;23;1;4,16666666666667;95,8333333333333
1;FALSE;24;23;1;4,16666666666667;95,8333333333333
2;FALSE;24;23;1;4,16666666666667;95,8333333333333
3;FALSE;24;24;0;0;100
4;FALSE;24;24;0;0;100
5;FALSE;24;24;0;0;100
6;FALSE;24;24;0;0;100
7;FALSE;24;24;0;0;100
8;FALSE;24;24;0;0;100
9;FALSE;24;23;1;4,16666666666667;95,8333333333333
10;FALSE;24;24;0;0;100
11;FALSE;24;23;1;4,16666666666667;95,8333333333333
12;FALSE;24;22;2;8,33333333333333;91,6666666666667
13;FALSE;24;22;2;8,33333333333333;91,6666666666667
14;FALSE;24;18;6;25;75
15;FALSE;24;21;3;12,5;87,5
16;FALSE;24;23;1;4,16666666666667;95,8333333333333
17;FALSE;24;24;0;0;100
18;FALSE;24;23;1;4,16666666666667;95,8333333333333
19;FALSE;24;24;0;0;100
20;FALSE;24;22;2;8,33333333333333;91,6666666666667
21;FALSE;24;22;2;8,33333333333333;91,6666666666667
22;FALSE;24;22;2;8,33333333333333;91,6666666666667
23;FALSE;24;18;6;25;75
0;TRUE;52;45;7;13,4615384615385;86,5384615384615
1;TRUE;52;46;6;11,5384615384615;88,4615384615385
2;TRUE;52;48;4;7,69230769230769;92,3076923076923
3;TRUE;52;50;2;3,84615384615385;96,1538461538462
4;TRUE;52;52;0;0;100
5;TRUE;52;52;0;0;100
6;TRUE;52;52;0;0;100
7;TRUE;52;52;0;0;100
8;TRUE;52;49;3;5,76923076923077;94,2307692307692
9;TRUE;51;38;13;25,4901960784314;74,5098039215686
10;TRUE;48;29;19;39,5833333333333;60,4166666666667
11;TRUE;48;28;20;41,6666666666667;58,3333333333333
12;TRUE;48;43;5;10,4166666666667;89,5833333333333
13;TRUE;48;31;17;35,4166666666667;64,5833333333333
14;TRUE;48;32;16;33,3333333333333;66,6666666666667
15;TRUE;48;29;19;39,5833333333333;60,4166666666667
16;TRUE;52;33;19;36,5384615384615;63,4615384615385
17;TRUE;52;44;8;15,3846153846154;84,6153846153846
18;TRUE;52;51;1;1,92307692307692;98,0769230769231
19;TRUE;52;52;0;0;100
20;TRUE;52;51;1;1,92307692307692;98,0769230769231
21;TRUE;52;50;2;3,84615384615385;96,1538461538462
22;TRUE;52;49;3;5,76923076923077;94,2307692307692
23;TRUE;52;51;1;1,92307692307692;98,0769230769231
