"inicio_ultima_leitura";"fim_proxima_leitura";"duracao_min";"slots_ausentes";"data_inicio";"hora_inicio";"dia_util_inicio"
2026-06-24 14:15:00;2026-06-24 17:45:00;210;13;2026-06-24;14;TRUE
2026-07-02 09:30:00;2026-07-02 12:00:00;150;9;2026-07-02;9;TRUE
2026-07-06 09:30:00;2026-07-06 12:00:00;150;9;2026-07-06;9;TRUE
2026-06-28 22:30:00;2026-06-29 00:45:00;135;8;2026-06-28;22;FALSE
2026-07-01 15:00:00;2026-07-01 17:15:00;135;8;2026-07-01;15;TRUE
2026-07-07;2026-07-07 02:00:00;120;7;2026-07-07;0;TRUE
2026-06-24 08:45:00;2026-06-24 10:30:00;105;6;2026-06-24;8;TRUE
2026-06-24 10:30:00;2026-06-24 12:00:00;90;5;2026-06-24;10;TRUE
2026-07-01 13:30:00;2026-07-01 15:00:00;90;5;2026-07-01;13;TRUE
2026-06-22 16:00:00;2026-06-22 17:15:00;75;4;2026-06-22;16;TRUE
2026-06-28 13:30:00;2026-06-28 14:45:00;75;4;2026-06-28;13;FALSE
2026-07-06 12:45:00;2026-07-06 14:00:00;75;4;2026-07-06;12;TRUE
2026-07-06 16:00:00;2026-07-06 17:15:00;75;4;2026-07-06;16;TRUE
2026-06-22 12:45:00;2026-06-22 13:45:00;60;3;2026-06-22;12;TRUE
2026-06-22 14:00:00;2026-06-22 15:00:00;60;3;2026-06-22;14;TRUE
2026-06-22 15:00:00;2026-06-22 16:00:00;60;3;2026-06-22;15;TRUE
2026-06-23 09:00:00;2026-06-23 10:00:00;60;3;2026-06-23;9;TRUE
2026-06-28 14:45:00;2026-06-28 15:45:00;60;3;2026-06-28;14;FALSE
2026-06-30 12:30:00;2026-06-30 13:30:00;60;3;2026-06-30;12;TRUE
2026-07-01 09:45:00;2026-07-01 10:45:00;60;3;2026-07-01;9;TRUE
2026-07-02 15:00:00;2026-07-02 16:00:00;60;3;2026-07-02;15;TRUE
2026-06-18 16:30:00;2026-06-18 17:15:00;45;2;2026-06-18;16;TRUE
2026-06-22 10:45:00;2026-06-22 11:30:00;45;2;2026-06-22;10;TRUE
2026-06-23 08:15:00;2026-06-23 09:00:00;45;2;2026-06-23;8;TRUE
2026-06-23 12:00:00;2026-06-23 12:45:00;45;2;2026-06-23;12;TRUE
2026-06-24 12:45:00;2026-06-24 13:30:00;45;2;2026-06-24;12;TRUE
2026-06-25 13:00:00;2026-06-25 13:45:00;45;2;2026-06-25;13;TRUE
2026-06-25 15:00:00;2026-06-25 15:45:00;45;2;2026-06-25;15;TRUE
2026-06-25 16:00:00;2026-06-25 16:45:00;45;2;2026-06-25;16;TRUE
2026-06-26 12:45:00;2026-06-26 13:30:00;45;2;2026-06-26;12;TRUE
2026-06-26 14:15:00;2026-06-26 15:00:00;45;2;2026-06-26;14;TRUE
2026-06-26 15:30:00;2026-06-26 16:15:00;45;2;2026-06-26;15;TRUE
2026-06-27 23:00:00;2026-06-27 23:45:00;45;2;2026-06-27;23;FALSE
2026-06-28 12:00:00;2026-06-28 12:45:00;45;2;2026-06-28;12;FALSE
2026-06-28 20:15:00;2026-06-28 21:00:00;45;2;2026-06-28;20;FALSE
2026-06-28 21:00:00;2026-06-28 21:45:00;45;2;2026-06-28;21;FALSE
2026-06-30 08:30:00;2026-06-30 09:15:00;45;2;2026-06-30;8;TRUE
2026-06-30 14:15:00;2026-06-30 15:00:00;45;2;2026-06-30;14;TRUE
2026-07-01 10:45:00;2026-07-01 11:30:00;45;2;2026-07-01;10;TRUE
2026-07-06 22:30:00;2026-07-06 23:15:00;45;2;2026-07-06;22;TRUE
2026-07-07 02:00:00;2026-07-07 02:45:00;45;2;2026-07-07;2;TRUE
2026-07-07 08:45:00;2026-07-07 09:30:00;45;2;2026-07-07;8;TRUE
2026-06-19 10:45:00;2026-06-19 11:15:00;30;1;2026-06-19;10;TRUE
2026-06-19 11:30:00;2026-06-19 12:00:00;30;1;2026-06-19;11;TRUE
2026-06-19 12:30:00;2026-06-19 13:00:00;30;1;2026-06-19;12;TRUE
2026-06-19 14:30:00;2026-06-19 15:00:00;30;1;2026-06-19;14;TRUE
2026-06-19 15:15:00;2026-06-19 15:45:00;30;1;2026-06-19;15;TRUE
2026-06-19 19:45:00;2026-06-19 20:15:00;30;1;2026-06-19;19;TRUE
2026-06-20 00:45:00;2026-06-20 01:15:00;30;1;2026-06-20;0;FALSE
2026-06-20 14:00:00;2026-06-20 14:30:00;30;1;2026-06-20;14;FALSE
2026-06-21;2026-06-21 00:30:00;30;1;2026-06-21;0;FALSE
2026-06-21 09:15:00;2026-06-21 09:45:00;30;1;2026-06-21;9;FALSE
2026-06-21 14:00:00;2026-06-21 14:30:00;30;1;2026-06-21;14;FALSE
2026-06-21 18:00:00;2026-06-21 18:30:00;30;1;2026-06-21;18;FALSE
2026-06-22 09:45:00;2026-06-22 10:15:00;30;1;2026-06-22;9;TRUE
2026-06-22 10:15:00;2026-06-22 10:45:00;30;1;2026-06-22;10;TRUE
2026-06-22 22:00:00;2026-06-22 22:30:00;30;1;2026-06-22;22;TRUE
2026-06-23 10:00:00;2026-06-23 10:30:00;30;1;2026-06-23;10;TRUE
2026-06-24 13:30:00;2026-06-24 14:00:00;30;1;2026-06-24;13;TRUE
2026-06-25 14:30:00;2026-06-25 15:00:00;30;1;2026-06-25;14;TRUE
2026-06-26 09:45:00;2026-06-26 10:15:00;30;1;2026-06-26;9;TRUE
2026-06-26 15:00:00;2026-06-26 15:30:00;30;1;2026-06-26;15;TRUE
2026-06-26 16:30:00;2026-06-26 17:00:00;30;1;2026-06-26;16;TRUE
2026-06-27 14:15:00;2026-06-27 14:45:00;30;1;2026-06-27;14;FALSE
2026-06-28 02:30:00;2026-06-28 03:00:00;30;1;2026-06-28;2;FALSE
2026-06-28 11:15:00;2026-06-28 11:45:00;30;1;2026-06-28;11;FALSE
2026-06-28 13:00:00;2026-06-28 13:30:00;30;1;2026-06-28;13;FALSE
2026-06-28 15:45:00;2026-06-28 16:15:00;30;1;2026-06-28;15;FALSE
2026-06-28 22:00:00;2026-06-28 22:30:00;30;1;2026-06-28;22;FALSE
2026-06-29 00:45:00;2026-06-29 01:15:00;30;1;2026-06-29;0;TRUE
2026-06-29 01:45:00;2026-06-29 02:15:00;30;1;2026-06-29;1;TRUE
2026-06-30 10:30:00;2026-06-30 11:00:00;30;1;2026-06-30;10;TRUE
2026-06-30 11:15:00;2026-06-30 11:45:00;30;1;2026-06-30;11;TRUE
2026-06-30 11:45:00;2026-06-30 12:15:00;30;1;2026-06-30;11;TRUE
2026-06-30 15:00:00;2026-06-30 15:30:00;30;1;2026-06-30;15;TRUE
2026-07-01;2026-07-01 00:30:00;30;1;2026-07-01;0;TRUE
2026-07-01 11:30:00;2026-07-01 12:00:00;30;1;2026-07-01;11;TRUE
2026-07-01 17:15:00;2026-07-01 17:45:00;30;1;2026-07-01;17;TRUE
2026-07-01 18:00:00;2026-07-01 18:30:00;30;1;2026-07-01;18;TRUE
2026-07-01 21:30:00;2026-07-01 22:00:00;30;1;2026-07-01;21;TRUE
2026-07-02 09:00:00;2026-07-02 09:30:00;30;1;2026-07-02;9;TRUE
2026-07-02 13:45:00;2026-07-02 14:15:00;30;1;2026-07-02;13;TRUE
2026-07-03 01:15:00;2026-07-03 01:45:00;30;1;2026-07-03;1;TRUE
2026-07-03 02:00:00;2026-07-03 02:30:00;30;1;2026-07-03;2;TRUE
2026-07-06 21:15:00;2026-07-06 21:45:00;30;1;2026-07-06;21;TRUE
2026-07-06 21:45:00;2026-07-06 22:15:00;30;1;2026-07-06;21;TRUE
2026-07-07 03:00:00;2026-07-07 03:30:00;30;1;2026-07-07;3;TRUE
2026-07-07 03:30:00;2026-07-07 04:00:00;30;1;2026-07-07;3;TRUE
