"lag_min","n","pearson","r2"
-180,540,0.676413121079646,0.457534710368708
-175,541,0.682863638348849,0.466302748579028
-170,542,0.689327627908134,0.475172578597455
-165,543,0.695704485305324,0.484004730873945
-160,544,0.702026626852161,0.492841384809423
-155,545,0.708303079197398,0.501693252000516
-150,546,0.714417668212662,0.510392604654418
-145,547,0.720343626192058,0.518894939795524
-140,548,0.726073984473202,0.527183430928791
-135,549,0.731661910761834,0.535329151659658
-130,550,0.7372102372859,0.543478933959132
-125,551,0.74263962803088,0.551513617121844
-120,552,0.748238720265165,0.559861182504052
-115,553,0.753981160830485,0.568487590887286
-110,554,0.75985050074208,0.57737278347799
-105,555,0.765984763609452,0.586732658081828
-100,556,0.772444949210572,0.596671199560923
-95,557,0.778825151201745,0.606568616144422
-90,558,0.784693842889211,0.615744427068238
-85,559,0.788727997780898,0.622091854483465
-80,560,0.790367017409967,0.624680022209527
-75,561,0.790793200270497,0.625353885594054
-70,562,0.789402309908125,0.623156006888284
-65,563,0.785902672399869,0.617643010485256
-60,564,0.781319288198446,0.610459830110926
-55,565,0.775969789809184,0.60212911469651
-50,566,0.770748161052246,0.594052727765419
-45,567,0.765793649125921,0.586439913041594
-40,568,0.761257459471765,0.579512919601406
-35,569,0.757030015330512,0.573094444111315
-30,570,0.752764238751757,0.566653999143513
-25,571,0.748043433959039,0.559568979089231
-20,572,0.7419041729742,0.550421801876532
-15,573,0.733761256190079,0.538405581085643
-10,574,0.723707529651124,0.523752588473732
-5,575,0.711386548513505,0.506070821405957
0,576,0.695915665140269,0.484298612987623
5,575,0.675270938528555,0.455990840421236
10,574,0.654636271687202,0.42854864820852
15,573,0.634801356645646,0.402972762399152
20,572,0.615349859178557,0.37865544919107
25,571,0.597028429655768,0.356442945817232
30,570,0.579838360484396,0.336212524289232
35,569,0.563632834583084,0.317681972220162
40,568,0.548620728677709,0.300984703934861
45,567,0.534289500906795,0.285465270779232
50,566,0.519807609837043,0.270199951244499
55,565,0.50510906835419,0.255135170933637
60,564,0.489945563769056,0.240046655456978
65,563,0.473766308422218,0.224454514996016
70,562,0.457006046228291,0.208854526289215
75,561,0.439535806307983,0.193191725026808
80,560,0.422444645038602,0.178459478121791
85,559,0.405487662145293,0.164420244152056
90,558,0.388974482518069,0.151301148050199
95,557,0.373690372048922,0.139644494162062
100,556,0.359803078117568,0.129458255022877
105,555,0.347254333769366,0.120585572321606
110,554,0.335666171863924,0.112671778933781
115,553,0.324870144339079,0.105540610682894
120,552,0.314569556344921,0.0989540057790403
125,551,0.304646653256142,0.092809583340168
130,550,0.295220302159996,0.0871550268074393
135,549,0.286087199534002,0.0818458857372081
140,548,0.277225079831119,0.0768537448873704
145,547,0.268500199090904,0.0720923569118552
150,546,0.260013427199021,0.0676069823237808
155,545,0.251802166917286,0.0634043312642405
160,544,0.243827744784996,0.0594519691269373
165,543,0.236117724669411,0.05575157990306
170,542,0.228653703355927,0.0522825160583804
175,541,0.221646889258034,0.0491273435177631
180,540,0.215037059888655,0.0462409371255569
