"sensor","lag_min","n","pearson","r2"
"plugfild",-180,14848,0.80717465193735,0.651530918730182
"plugfild",-175,14858,0.811724744215302,0.658897060371398
"plugfild",-170,14868,0.81635485972928,0.666435257003612
"plugfild",-165,14878,0.821061221394382,0.674141529277634
"plugfild",-160,14888,0.825850620926512,0.682029248084706
"plugfild",-155,14898,0.830779236803182,0.690194140303277
"plugfild",-150,14908,0.835777422169639,0.698523899408527
"plugfild",-145,14918,0.840750199876343,0.706860898592111
"plugfild",-140,14928,0.845467495894534,0.714815286614173
"plugfild",-135,14938,0.849779711635984,0.722125558308136
"plugfild",-130,14948,0.853615027753506,0.728658615606619
"plugfild",-125,14958,0.857137987786679,0.734685530106997
"plugfild",-120,14968,0.860615984650098,0.740659873035257
"plugfild",-115,14978,0.864101148713094,0.746670795207289
"plugfild",-110,14988,0.867620900317415,0.752766026667602
"plugfild",-105,14998,0.871215469587726,0.759016394448961
"plugfild",-100,15008,0.874917373984064,0.76548041129917
"plugfild",-95,15018,0.878736791176436,0.77217834816706
"plugfild",-90,15028,0.882630791933829,0.779037114869738
"plugfild",-85,15038,0.88652907491444,0.785933800668653
"plugfild",-80,15048,0.89038533373672,0.792786042533451
"plugfild",-75,15058,0.894255417469303,0.799692751673197
"plugfild",-70,15068,0.898087226578498,0.806560666543459
"plugfild",-65,15078,0.901831027443215,0.813299202059285
"plugfild",-60,15088,0.905444401299257,0.819829563844169
"plugfild",-55,15098,0.909007611948065,0.826294838579524
"plugfild",-50,15108,0.912560470099544,0.832766611588302
"plugfild",-45,15118,0.916066021685028,0.839176956085835
"plugfild",-40,15128,0.919621525840793,0.845703750789748
"plugfild",-35,15138,0.923347118558084,0.852569901349516
"plugfild",-30,15148,0.927245554609925,0.859784318543867
"plugfild",-25,15158,0.931229652969994,0.867188666570616
"plugfild",-20,15168,0.935164407799968,0.874532469615864
"plugfild",-15,15178,0.938910332005563,0.881552611546796
"plugfild",-10,15188,0.942310233590884,0.887948576330107
"plugfild",-5,15198,0.944815328261657,0.892676004518184
"plugfild",0,15208,0.945344910043676,0.893676998945487
"plugfild",5,15198,0.942577141578182,0.888451667825695
"plugfild",10,15188,0.938068694445439,0.87997287549857
"plugfild",15,15178,0.93260995470889,0.869761327622118
"plugfild",20,15168,0.926716198175527,0.858802911960903
"plugfild",25,15158,0.920658431543172,0.847611947571533
"plugfild",30,15148,0.914578847380953,0.836454468076672
"plugfild",35,15138,0.908587432543182,0.825531122575412
"plugfild",40,15128,0.902783471653745,0.815017996691188
"plugfild",45,15118,0.89716381247853,0.804902906421011
"plugfild",50,15108,0.891642374567686,0.795026124124701
"plugfild",55,15098,0.886136503821478,0.785237903404952
"plugfild",60,15088,0.880714644579971,0.775658285177625
"plugfild",65,15078,0.875476534496193,0.766459162453464
"plugfild",70,15068,0.870391231660752,0.75758089615192
"plugfild",75,15058,0.865386768944705,0.748894259864556
"plugfild",80,15048,0.860334916429969,0.740176168428562
"plugfild",85,15038,0.85495038179237,0.73094015532692
"plugfild",90,15028,0.849271413613246,0.72126193398064
"plugfild",95,15018,0.84350064916784,0.711493345146568
"plugfild",100,15008,0.837854306781075,0.701999839391596
"plugfild",105,14998,0.832379723166626,0.692856003538949
"plugfild",110,14988,0.827058169403778,0.684025215577528
"plugfild",115,14978,0.821877411787519,0.675482480006551
"plugfild",120,14968,0.816808975131021,0.667176901854588
"plugfild",125,14958,0.811772605260633,0.658974762651636
"plugfild",130,14948,0.806561264441615,0.650541073297657
"plugfild",135,14938,0.80094707458034,0.641516216278805
"plugfild",140,14928,0.794939192858508,0.631928320342537
"plugfild",145,14918,0.78862867369602,0.621935184975544
"plugfild",150,14908,0.782092276782264,0.611668329402465
"plugfild",155,14898,0.775556020963647,0.601487141652965
"plugfild",160,14888,0.769034105211627,0.591413454978647
"plugfild",165,14878,0.762624323828104,0.581595859294272
"plugfild",170,14868,0.756352999596144,0.572069859998085
"plugfild",175,14858,0.750244231183567,0.562866406424222
"plugfild",180,14848,0.744352593753399,0.554060783827412
"PC03/azul",-180,14846,0.619918740057416,0.384299244274374
"PC03/azul",-175,14856,0.625926996769785,0.391784605285243
"PC03/azul",-170,14866,0.632228660899602,0.399713079662904
"PC03/azul",-165,14876,0.638818355022426,0.408088890713558
"PC03/azul",-160,14886,0.645703021555107,0.416932392045395
"PC03/azul",-155,14896,0.65269939387426,0.426016498763827
"PC03/azul",-150,14906,0.659497194567297,0.434936549642135
"PC03/azul",-145,14916,0.665898759656151,0.443421158111601
"PC03/azul",-140,14926,0.6707359811179,0.449886756366192
"PC03/azul",-135,14936,0.674611085271401,0.455100116371057
"PC03/azul",-130,14946,0.677519700414048,0.459032944449141
"PC03/azul",-125,14956,0.679871798755452,0.462225662742974
"PC03/azul",-120,14966,0.681887635172582,0.464970747001256
"PC03/azul",-115,14976,0.684038408496153,0.46790854429795
"PC03/azul",-110,14986,0.686561815319258,0.471367126254475
"PC03/azul",-105,14996,0.689708351670922,0.47569761036462
"PC03/azul",-100,15006,0.693550469592025,0.481012253871319
"PC03/azul",-95,15016,0.698300169513682,0.487623126742837
"PC03/azul",-90,15026,0.70373404931103,0.495241612159699
"PC03/azul",-85,15036,0.708883882059222,0.502516358243353
"PC03/azul",-80,15046,0.713016647299712,0.508392739326522
"PC03/azul",-75,15056,0.714936101625508,0.511133629407479
"PC03/azul",-70,15066,0.716808093375268,0.513813842728286
"PC03/azul",-65,15076,0.719476995350496,0.517647146838577
"PC03/azul",-60,15086,0.723223730432995,0.523052564261418
"PC03/azul",-55,15096,0.727904341704469,0.529844730672217
"PC03/azul",-50,15106,0.732930476395188,0.537187083228877
"PC03/azul",-45,15116,0.737990466957594,0.544629929320287
"PC03/azul",-40,15126,0.743268804760759,0.552448516130488
"PC03/azul",-35,15136,0.74874215202739,0.560614810222607
"PC03/azul",-30,15146,0.754180125845732,0.568787662220684
"PC03/azul",-25,15156,0.759465634113715,0.576788049399748
"PC03/azul",-20,15166,0.764488568179968,0.584442770877857
"PC03/azul",-15,15176,0.768899250788783,0.591206057863551
"PC03/azul",-10,15186,0.771693319640502,0.595510579577778
"PC03/azul",-5,15196,0.770912295443848,0.594305767266502
"PC03/azul",0,15206,0.763891681153192,0.583530500535051
"PC03/azul",5,15196,0.750437401628529,0.563156293762978
"PC03/azul",10,15186,0.736793186235511,0.542864199283076
"PC03/azul",15,15176,0.723836166301678,0.523938795646311
"PC03/azul",20,15166,0.712046298263869,0.507009930871279
"PC03/azul",25,15156,0.701233889554254,0.491728967859387
"PC03/azul",30,15146,0.690982914225683,0.477457387751817
"PC03/azul",35,15136,0.681206979021647,0.464042948267798
"PC03/azul",40,15126,0.672229960904642,0.451893120337856
"PC03/azul",45,15116,0.664220352126412,0.441188676178935
"PC03/azul",50,15106,0.657144544007124,0.431838951718331
"PC03/azul",55,15096,0.650521929158777,0.423178780316457
"PC03/azul",60,15086,0.644330636131026,0.415161968657013
"PC03/azul",65,15076,0.638627117619774,0.40784459535934
"PC03/azul",70,15066,0.632942653735885,0.400616402918224
"PC03/azul",75,15056,0.627159742964665,0.393329343195504
"PC03/azul",80,15046,0.620085061716122,0.384505483763487
"PC03/azul",85,15036,0.611801935944461,0.37430160882539
"PC03/azul",90,15026,0.603469432843528,0.36417535637649
"PC03/azul",95,15016,0.595187427775716,0.354248074182273
"PC03/azul",100,15006,0.587148585825793,0.344743461837228
"PC03/azul",105,14996,0.579745182593616,0.336104476740505
"PC03/azul",110,14986,0.573385484846262,0.328770914232383
"PC03/azul",115,14976,0.567775634026482,0.322369170594174
"PC03/azul",120,14966,0.562902652816317,0.316859396547647
"PC03/azul",125,14956,0.558362479183746,0.31176865816022
"PC03/azul",130,14946,0.553605878308708,0.306479468497956
"PC03/azul",135,14936,0.548210390638311,0.300534632403809
"PC03/azul",140,14926,0.541988866413662,0.293751931316366
"PC03/azul",145,14916,0.535712478656217,0.286987859787988
"PC03/azul",150,14906,0.529541557895831,0.280414261538744
"PC03/azul",155,14896,0.523631026665639,0.274189452086911
"PC03/azul",160,14886,0.5179416801102,0.268263583995377
"PC03/azul",165,14876,0.512444265364035,0.262599125104486
"PC03/azul",170,14866,0.507480417254003,0.257536373896297
"PC03/azul",175,14856,0.502650534845864,0.252657560180833
"PC03/azul",180,14846,0.497979560817857,0.247983642992345
